1,Dungeon master,Dungeon master.mp3
2,Yes sir,Yes sir.mp3
3,Woo,Woo.mp3
4,Performance artist,Performance artist.mp3
5,Sorry for what,Sorry for what.mp3
6,Fuck you,Fuck you.mp3
7,Fuck you leather man,Fuck you leather man.mp3
8,Slaves get your ass back here,Slaves get your ass back here.mp3
9,Boss of this gym,Boss of this gym.mp3
10,Take it boy,Take it boy.mp3
11,It gets bigger when I pull it,It gets bigger when I pull it.mp3
12,Lube it up,Lube it up.mp3
13,That's amazing,That's amazing.mp3
14,Ass we can,Ass we can.mp3
15,Without further interruption,Without further interruption.mp3
16,Come on college boy,Come on college boy.mp3
17,What the hell are you two doing,What the hell are you two doing.mp3
18,It's bondage gay website,It's bondage gay website.mp3
19,Rip the skin,Rip the skin.mp3
20,It's so fucking deep,It's so fucking deep.mp3
21,That turns me on,That turns me on.mp3
22,Boy next door,Boy next door.mp3
23,Attention,Attention.mp3
24,I don't do anal,I don't do anal.mp3
25,Suction,Suction.mp3
26,Thank you sir,Thank you sir.mp3
27,Oh shit i'm sorry,Sorry.mp3
28,Our daddy told us,Our daddy told us.mp3
29,Do you like what you see,Do you like what you see.mp3
30,Fisting is 300 bucks,Fisting is 300 bucks.mp3
31,Wrong door,Wrong door.mp3
32,That's power son,That's power son.mp3
33,One more round,One more round.mp3
34,Spank,Spank.mp3
35,Rip ears,Rip ears.mp3